Rap God,eminem
Lose Yourself,eminem
Without Me,eminem
The Real Slim Shady,eminem
Killshot,eminem
Mockingbird,eminem
Godzilla,eminem
Stan,eminem
Houdini,eminem
The Monster,eminem
Lucky You,eminem
The Ringer,eminem
Superman,eminem
’Till I Collapse,eminem
Venom,eminem
River,eminem
Love the Way You Lie,eminem
Not Alike,eminem
8 Mile: B-Rabbit vs Papa Doc,eminem
Berzerk,eminem
Fall,eminem
Cleanin’ Out My Closet,eminem
Kamikaze,eminem
Beautiful,eminem
Walk on Water,eminem
Bad Guy,eminem
When I’m Gone,eminem
The Way I Am,eminem
Not Afraid,eminem
My Name Is,eminem
No Love,eminem
Sing for the Moment,eminem
Like Toy Soldiers,eminem
Headlights,eminem
Survival,eminem
Greatest,eminem
Kim,eminem
Kill You,eminem
Love Game,eminem
Space Bound,eminem
Unaccommodating,eminem
Marshall Mathers,eminem
Legacy,eminem
Criminal,eminem
Gnat,eminem
Shake That,eminem
Guts Over Fear,eminem
White America,eminem
I’m Back,eminem
Darkness,eminem
HUMBLE.,kendrick lamar
​euphoria,kendrick lamar
Not Like Us,kendrick lamar
​m.A.A.d city,kendrick lamar
Swimming Pools (Drank),kendrick lamar
Money Trees,kendrick lamar
DNA.,kendrick lamar
XXX.,kendrick lamar
"Bitch, Don’t Kill My Vibe",kendrick lamar
​meet the grahams,kendrick lamar
King Kunta,kendrick lamar
Poetic Justice,kendrick lamar
LOVE.,kendrick lamar
Alright,kendrick lamar
Backseat Freestyle,kendrick lamar
"Sing About Me, I’m Dying of Thirst",kendrick lamar
The Blacker the Berry,kendrick lamar
ELEMENT.,kendrick lamar
LOYALTY.,kendrick lamar
​i (Album Version),kendrick lamar
A.D.H.D,kendrick lamar
Wesley’s Theory,kendrick lamar
FEAR.,kendrick lamar
PRIDE.,kendrick lamar
Mortal Man,kendrick lamar
​u,kendrick lamar
6:16 in LA,kendrick lamar
DUCKWORTH.,kendrick lamar
The Heart Part 4,kendrick lamar
The Art of Peer Pressure,kendrick lamar
How Much a Dollar Cost,kendrick lamar
These Walls,kendrick lamar
HiiiPoWeR,kendrick lamar
Rigamortus,kendrick lamar
Black Friday,kendrick lamar
Hood Politics,kendrick lamar
Sherane a.k.a Master Splinter’s Daughter,kendrick lamar
FEEL.,kendrick lamar
N95,kendrick lamar
LUST.,kendrick lamar
The Recipe,kendrick lamar
​untitled 02 | 06.23.2014.,kendrick lamar
For Free? (Interlude),kendrick lamar
Institutionalized,kendrick lamar
YAH.,kendrick lamar
The Heart Part 5,kendrick lamar
BLOOD.,kendrick lamar
"Bitch, Don’t Kill My Vibe (Remix)",kendrick lamar
Real,kendrick lamar
GOD.,kendrick lamar
No Role Modelz,j cole
Power Trip,j cole
Wet Dreamz,j cole
Crooked Smile,j cole
MIDDLE CHILD,j cole
She Knows,j cole
Love Yourz,j cole
Deja Vu,j cole
G.O.M.D.,j cole
Apparently,j cole
Kevin’s Heart,j cole
Fire Squad,j cole
4 Your Eyez Only,j cole
KOD,j cole
1985,j cole
Neighbors,j cole
A Tale of 2 Citiez,j cole
Forbidden Fruit,j cole
03' Adolescence,j cole
Work Out,j cole
Immortal,j cole
Change,j cole
Rich Niggaz,j cole
January 28th,j cole
ATM,j cole
Let Nas Down,j cole
False Prophets,j cole
Nobody’s Perfect,j cole
Villuminati,j cole
"She’s Mine, Pt. 1",j cole
7 Minute Drill,j cole
​t h e . c l i m b . b a c k,j cole
Born Sinner,j cole
Snow On Tha Bluff,j cole
In the Morning,j cole
​i n t e r l u d e,j cole
​everybody dies,j cole
Lost Ones,j cole
​​a m a r i,j cole
Photograph,j cole
LAnd of the Snakes,j cole
9 5 . s o u t h,j cole
Runaway,j cole
Can’t Get Enough,j cole
Sparks Will Fly,j cole
"She’s Mine, Pt. 2",j cole
FRIENDS,j cole
Black Friday,j cole
The Cut Off,j cole
Trouble,j cole
N.Y. State of Mind,nas
Ether,nas
Life’s a Bitch,nas
The World Is Yours,nas
The Message,nas
It Ain’t Hard to Tell,nas
One Love,nas
If I Ruled the World (Imagine That),nas
Represent,nas
Nas Is Like,nas
Halftime,nas
Memory Lane (Sittin’ In Da Park),nas
Affirmative Action,nas
One Mic,nas
I Can,nas
Daughters,nas
Cherry Wine,nas
Made Nas Proud [Let Nas Down Remix],nas
Hate Me Now,nas
EPMD 2,nas
The Don,nas
Made You Look,nas
One Time 4 Your Mind,nas
​everything,nas
The Genesis,nas
Adam and Eve,nas
Take It in Blood,nas
I Gave You Power,nas
Bye Baby,nas
Get Down,nas
Street Dreams,nas
Not For Radio,nas
Wrote My Way Out,nas
Cops Shot the Kid,nas
Nasty,nas
Got Ur Self a Gun,nas
Last Real Nigga Alive,nas
Stay,nas
No Introduction,nas
Hip Hop Is Dead,nas
You’re Da Man,nas
Purple,nas
Trust,nas
What Goes Around,nas
Accident Murderers,nas
Rewind,nas
Black Republican,nas
Nobody,nas
Loco-Motive,nas
Bonjour,nas
Holy Grail,jay z
Empire State of Mind,jay z
Part II (On the Run),jay z
The Story of O.J.,jay z
4:44,jay z
Tom Ford,jay z
Renegade,jay z
FuckWithMeYouKnowIGotIt,jay z
99 Problems,jay z
Run This Town,jay z
Oceans,jay z
Takeover,jay z
Kill Jay Z,jay z
Big Pimpin’,jay z
Family Feud,jay z
Public Service Announcement,jay z
Picasso Baby,jay z
Song Cry,jay z
Smile,jay z
Open Letter,jay z
’03 Bonnie & Clyde,jay z
Izzo (H.O.V.A.),jay z
Bam,jay z
Heaven,jay z
Young Forever,jay z
BBC,jay z
Beach Is Better (Interlude),jay z
Somewhereinamerica,jay z
Crown,jay z
D’Evils,jay z
Hard Knock Life (Ghetto Anthem),jay z
Marcy Me,jay z
Dead Presidents II,jay z
La Familia,jay z
Can I Live,jay z
Can I Get A…,jay z
Lucifer,jay z
U Don’t Know,jay z
F.U.T.W,jay z
Caught Their Eyes,jay z
Moment of Clarity,jay z
Encore,jay z
Glory,jay z
Heart of the City (Ain’t No Love),jay z
Jay Z Blue,jay z
Lost One,jay z
Dead Presidents,jay z
On To The Next One,jay z
Moonlight,jay z
"Girls, Girls, Girls",jay z
God’s Plan,drake
In My Feelings,drake
Hotline Bling,drake
One Dance,drake
"Hold On, We’re Going Home",drake
Know Yourself,drake
Back To Back,drake
Family Matters,drake
All Me,drake
From Time,drake
Fake Love,drake
0 to 100 / The Catch Up,drake
The Motto,drake
Pound Cake / Paris Morton Music 2,drake
Started from the Bottom,drake
Marvins Room,drake
Push Ups,drake
Passionfruit,drake
HYFR (Hell Ya Fucking Right),drake
Nice For What,drake
Energy,drake
Child’s Play,drake
Too Good,drake
Jungle,drake
Furthest Thing,drake
Over My Dead Body,drake
Worst Behavior,drake
Summer Sixteen,drake
The Language,drake
Girls Love Beyoncé,drake
Nonstop,drake
How Bout Now,drake
Too Much,drake
Shot for Me,drake
Headlines,drake
Take Care,drake
Portland,drake
Legend,drake
Controlla,drake
I’m Upset,drake
Gyalchester,drake
U With Me?,drake
Look What You’ve Done,drake
Do Not Disturb,drake
Teenage Fever,drake
THE HEART PART 6,drake
Crew Love,drake
Fire & Desire,drake
Doing It Wrong,drake
Own It,drake
Love Me,lil wayne
Mona Lisa,lil wayne
6 Foot 7 Foot,lil wayne
Believe Me,lil wayne
Mirror,lil wayne
Rich As Fuck,lil wayne
A Milli,lil wayne
She Will,lil wayne
Lollipop (Remix),lil wayne
Don’t Cry,lil wayne
Blunt Blowin’,lil wayne
Right Above It,lil wayne
Uproar,lil wayne
Drop the World,lil wayne
No Worries,lil wayne
How to Love,lil wayne
John,lil wayne
Lollipop,lil wayne
Mr. Carter,lil wayne
Dedicate,lil wayne
Let It Fly,lil wayne
God Bless Amerika,lil wayne
My Homies Still,lil wayne
Can’t Be Broken,lil wayne
Glory,lil wayne
How to Hate,lil wayne
Let It All Work Out,lil wayne
Mrs. Officer,lil wayne
Grindin’,lil wayne
It’s Good,lil wayne
President Carter,lil wayne
Pussy Money Weed,lil wayne
I’m Good (Dedication 5),lil wayne
I’m Single,lil wayne
Family Feud,lil wayne
CoCo,lil wayne
Wowzers,lil wayne
I Feel Like Dying,lil wayne
5 Star,lil wayne
Dark Side of the Moon,lil wayne
Mercy,lil wayne
Typa Way,lil wayne
Turn On the Lights,lil wayne
Ride for My Niggas (Sky is the Limit),lil wayne
You Song,lil wayne
Nightmares of the Bottom,lil wayne
Trigger Finger,lil wayne
3 Peat,lil wayne
Open Letter,lil wayne
Back to You,lil wayne
Only,nicki minaj
Feeling Myself,nicki minaj
Barbie Dreams,nicki minaj
Truffle Butter,nicki minaj
Anaconda,nicki minaj
Chun-Li,nicki minaj
Super Bass,nicki minaj
Beez In The Trap,nicki minaj
Lookin Ass,nicki minaj
High School,nicki minaj
Pills N Potions,nicki minaj
Barbie Tingz,nicki minaj
Roman’s Revenge,nicki minaj
Big Foot,nicki minaj
Itty Bitty Piggy,nicki minaj
Starships,nicki minaj
Did It On’em,nicki minaj
Moment 4 Life,nicki minaj
All Things Go,nicki minaj
Good Form,nicki minaj
No Flex Zone (Remix),nicki minaj
Favorite,nicki minaj
Stupid Hoe,nicki minaj
Super Freaky Girl,nicki minaj
Bed,nicki minaj
FTCU,nicki minaj
Ganja Burn,nicki minaj
Want Some More,nicki minaj
Buy a Heart,nicki minaj
Fly,nicki minaj
I’m Legit,nicki minaj
Chun Swae,nicki minaj
Yikes,nicki minaj
Bust Down Barbiana,nicki minaj
LLC,nicki minaj
Red Ruby Da Sleeze,nicki minaj
The Crying Game,nicki minaj
Rich Sex,nicki minaj
Bed of Lies,nicki minaj
Hard White,nicki minaj
Get On Your Knees,nicki minaj
Your Love,nicki minaj
MEGATRON,nicki minaj
Regret In Your Tears,nicki minaj
I Am Your Leader,nicki minaj
Right By My Side,nicki minaj
I Lied,nicki minaj
Roman Holiday,nicki minaj
Good Form (Remix),nicki minaj
Big Daddy,nicki minaj
Doomsday,mf doom
Rapp Snitch Knishes,mf doom
Beef Rap,mf doom
One Beer,mf doom
Hoe Cakes,mf doom
That’s That,mf doom
Rhymes Like Dimes,mf doom
Deep Fried Frenz,mf doom
Potholderz,mf doom
Gazzillion Ear,mf doom
All Outta Ale,mf doom
Vomitspit,mf doom
? (Question Mark),mf doom
Kon Karne,mf doom
Kookies,mf doom
Kon Queso,mf doom
Gas Drawls,mf doom
Batty Boyz,mf doom
Guinnessez,mf doom
Red and Gold,mf doom
"Tick, Tick...",mf doom
Cellz,mf doom
My Favorite Ladies,mf doom
The Finest,mf doom
Hey!,mf doom
Dead Bent,mf doom
Absolutely,mf doom
Go With the Flow,mf doom
Who You Think I Am?,mf doom
Untitled A.K.A. Change the Beat,mf doom
Ballskin,mf doom
Angelz,mf doom
Microwave Mayo,mf doom
The M.I.C.,mf doom
Poo-Putt Platter,mf doom
Operation: Greenbacks,mf doom
Fig Leaf Bi-Carbonate,mf doom
More Rhymin’,mf doom
I Hear Voices Pt. 1,mf doom
Coffin Nails,mf doom
Lavender Buds,mf doom
Lightworks,mf doom
Gumbo,mf doom
Yessir!,mf doom
Fillet-O-Rapper,mf doom
True Lightyears,mf doom
Rap Ambush,mf doom
Supervillainz,mf doom
I Hear Voices,mf doom
Still Dope,mf doom
Hit ’Em Up,2pac
Changes,2pac
Keep Ya Head Up,2pac
Hail Mary,2pac
Dear Mama,2pac
California Love,2pac
All Eyez On Me,2pac
Ambitionz Az a Ridah,2pac
2 of Amerikaz Most Wanted,2pac
Life Goes On,2pac
The Rose That Grew From Concrete,2pac
I Ain’t Mad At Cha,2pac
Only God Can Judge Me,2pac
Runnin’ (Dying to Live),2pac
Me Against the World,2pac
Do For Love,2pac
Can’t C Me,2pac
Ghetto Gospel,2pac
All About U,2pac
I Get Around,2pac
So Many Tears,2pac
Me and My Girlfriend,2pac
Unconditional Love,2pac
To Live and Die In L.A.,2pac
Against All Odds,2pac
How Do U Want It,2pac
Brenda’s Got a Baby,2pac
Picture Me Rollin’,2pac
Ratha Be Ya Nigga,2pac
The Rose That Grew From Concrete (Autobiographical),2pac
Thugz Mansion [7 Remix],2pac
Until the End of Time,2pac
Staring Through My Rear View,2pac
Bomb First (My Second Reply),2pac
Wonda Why They Call U Bitch,2pac
Letter 2 My Unborn,2pac
Blasphemy,2pac
If I Die 2Nite,2pac
Pain,2pac
Better Dayz,2pac
Jada,2pac
Got My Mind Made Up,2pac
Troublesome ’96,2pac
Temptations,2pac
Never Had a Friend Like Me,2pac
Heartz of Men,2pac
No More Pain,2pac
Holla At Me,2pac
Old School,2pac
Can U Get Away,2pac
The Story of Adidon,pusha t
Nosetalgia,pusha t
Infrared,pusha t
Exodus 23:1,pusha t
What Would Meek Do?,pusha t
Sweet Serenade,pusha t
Drug Dealers Anonymous,pusha t
If You Know You Know,pusha t
Numbers on the Boards,pusha t
Trouble on My Mind,pusha t
Santeria,pusha t
Trust You,pusha t
The Games We Play,pusha t
Neck & Wrist,pusha t
Blocka,pusha t
Hard Piano,pusha t
Untouchable,pusha t
Come Back Baby,pusha t
Diet Coke,pusha t
Hold On,pusha t
Pain,pusha t
Dreamin Of The Past,pusha t
M.P.A.,pusha t
King Push,pusha t
40 Acres,pusha t
M.F.T.R.,pusha t
Millions,pusha t
S.N.I.T.C.H.,pusha t
Brambleton,pusha t
Rock N Roll,pusha t
Suicide,pusha t
Let Me Love You,pusha t
Who I Am,pusha t
I Pray For You,pusha t
Doesn’t Matter,pusha t
Call My Bluff,pusha t
No Regrets,pusha t
Let The Smokers Shine The Coupes,pusha t
Just So You Remember,pusha t
Intro (Darkest Before Dawn),pusha t
"Crutches, Crosses, Caskets",pusha t
Alone in Vegas,pusha t
Don’t Fuck Wit Me,pusha t
Scrape It Off,pusha t
Only You Can Tell It,pusha t
Sunshine,pusha t
Amen,pusha t
"Tick, Tock",pusha t
Blow (Freestyle),pusha t
Coming Home,pusha t
Forgot About Dre,dr dre
Still D.R.E.,dr dre
Nuthin’ but a “G” Thang,dr dre
The Next Episode,dr dre
What’s the Difference,dr dre
I Need a Doctor,dr dre
Fuck Wit Dre Day (And Everybody’s Celebratin’),dr dre
Medicine Man,dr dre
Bitches Ain’t Shit,dr dre
Deep Water,dr dre
Xxplosive,dr dre
The Watcher,dr dre
Let Me Ride,dr dre
Fuck You,dr dre
Deep Cover,dr dre
Darkside/Gone,dr dre
The Message,dr dre
Deeez Nuuuts,dr dre
Genocide,dr dre
Talk About It,dr dre
Keep Their Heads Ringin’,dr dre
Kush,dr dre
Talking to My Diary,dr dre
The Chronic (Intro),dr dre
Big Ego’s,dr dre
All in a Day’s Work,dr dre
Let’s Get High,dr dre
Lil’ Ghetto Boy,dr dre
Bitch Niggaz,dr dre
Smoke Weed Everyday (Hedegaard Remix),dr dre
It’s All on Me,dr dre
For the Love of Money,dr dre
Housewife,dr dre
Animals,dr dre
The Day the Niggaz Took Over,dr dre
Some L.A. Niggaz,dr dre
Bang Bang,dr dre
Stranded on Death Row,dr dre
Loose Cannons,dr dre
Issues,dr dre
Lyrical Gangbang,dr dre
Rat-Tat-Tat-Tat,dr dre
Intro (Compton),dr dre
Ackrite,dr dre
Satisfiction,dr dre
Ed-Ucation,dr dre
Murder Ink,dr dre
A Nigga Witta Gun,dr dre
Light Speed,dr dre
The $20 Sack Pyramid,dr dre
Control,big sean
I Don’t Fuck with You,big sean
Blessings,big sean
Bounce Back,big sean
Beware,big sean
Dance (A$$) (Remix),big sean
No Favors,big sean
I Know,big sean
One Man Can Change the World,big sean
Guap,big sean
Paradise (Extended),big sean
All Your Fault,big sean
Play No Games,big sean
Moves,big sean
Sacrifices,big sean
Friday Night Cypher,big sean
Ashley,big sean
Jump Out the Window,big sean
Living Single,big sean
Voices In My Head / Stick to the Plan,big sean
Deep,big sean
Halfway Off the Balcony,big sean
MILF,big sean
Marvin & Chardonnay,big sean
Deserve It,big sean
Owe Me,big sean
Research,big sean
Single Again,big sean
Living Single (Leak),big sean
Stay Down,big sean
Deep Reverence,big sean
Bigger Than Me,big sean
1st Quarter Freestyle,big sean
"Win Some, Lose Some",big sean
Light,big sean
Wolves,big sean
Nothing Is Stopping You,big sean
Lithuania,big sean
Dark Sky (Skyscrapers),big sean
Dance (A$$),big sean
Fire,big sean
10 2 10,big sean
I Do It,big sean
Mula,big sean
My Last,big sean
Switch Up,big sean
24k of Gold,big sean
Don’t Tell Me You Love Me,big sean
Sunday Morning Jetpack,big sean
Higher,big sean
SICKO MODE,travis scott
​goosebumps,travis scott
BUTTERFLY EFFECT,travis scott
HIGHEST IN THE ROOM,travis scott
Antidote,travis scott
STARGAZING,travis scott
​beibs in the trap,travis scott
90210,travis scott
YOSEMITE,travis scott
CAN’T SAY,travis scott
FE!N,travis scott
STOP TRYING TO BE GOD,travis scott
NO BYSTANDERS,travis scott
​through the late night,travis scott
Drugs You Should Try It,travis scott
MY EYES,travis scott
Maria I’m Drunk,travis scott
MELTDOWN,travis scott
3500,travis scott
WAKE UP,travis scott
​the ends,travis scott
CAROUSEL,travis scott
ASTROTHUNDER,travis scott
SKELETONS,travis scott
FRANCHISE,travis scott
​way back,travis scott
I KNOW ?,travis scott
Mamacita,travis scott
Watch,travis scott
HOUSTONFORNICATION,travis scott
R.I.P. SCREW,travis scott
​coordinate,travis scott
NC-17,travis scott
Pornography,travis scott
Nightcrawler,travis scott
Skyfall,travis scott
Pray 4 Love,travis scott
​wonderful,travis scott
TELEKINESIS,travis scott
5% TINT,travis scott
COFFEE BEAN,travis scott
​first take,travis scott
K-POP,travis scott
​sweet sweet,travis scott
WHO? WHAT!,travis scott
Apple Pie,travis scott
Oh My Dis Side,travis scott
Don’t Play,travis scott
Impossible,travis scott
TOPIA TWINS,travis scott
Lucid Dreams,juice wrld
All Girls Are the Same,juice wrld
Wishing Well,juice wrld
Robbery,juice wrld
Legends,juice wrld
Righteous,juice wrld
Lean wit Me,juice wrld
Wasted,juice wrld
Empty,juice wrld
Armed and Dangerous,juice wrld
Blood On My Jeans,juice wrld
Cigarettes,juice wrld
Conversations,juice wrld
Let Me Know (I Wonder Why Freestyle),juice wrld
​moonlight,juice wrld
Sometimes,juice wrld
Fast,juice wrld
Burn,juice wrld
Rich and Blind,juice wrld
​autograph (on my line),juice wrld
Black & White,juice wrld
Stay High,juice wrld
Already Dead,juice wrld
Flaws and Sins,juice wrld
Hear Me Calling,juice wrld
Man of the Year,juice wrld
Rental,juice wrld
RUN,juice wrld
Hide,juice wrld
Scared Of Love,juice wrld
Candles,juice wrld
I’ll Be Fine,juice wrld
I’m Still,juice wrld
Bad Energy,juice wrld
Used To,juice wrld
Fighting Demons,juice wrld
Feeling,juice wrld
Forever,juice wrld
Juice WRLD Hour Freestyle of Fire Over Eminem Beats,juice wrld
My Fault ﹤/3,juice wrld
The Light,juice wrld
Tim Westwood Freestyle,juice wrld
Hurt Me,juice wrld
Titanic,juice wrld
Starstruck,juice wrld
Up Up and Away,juice wrld
DARK PLACE (demo),juice wrld
Maze,juice wrld
Who Shot Cupid?,juice wrld
Make Believe,juice wrld
Let You Down,nf
The Search,nf
When I Grow Up,nf
Leave Me Alone,nf
Lie,nf
PAID MY DUES,nf
CLOUDS,nf
WHY,nf
Time,nf
If You Want Love,nf
How Could You Leave Us,nf
Remember This,nf
Mansion,nf
HOPE,nf
Intro III,nf
Therapy Session,nf
LOST,nf
Hate Myself,nf
Real,nf
Change,nf
NO NAME,nf
Intro,nf
Outcast,nf
Chasing_(Demo),nf
Nate,nf
Paralyzed,nf
Dreams,nf
TRUST,nf
10 Feet Down,nf
Time (Edit),nf
JUST LIKE YOU,nf
My Stress,nf
Returns,nf
I Miss the Days,nf
Let Me Go,nf
Lost in the Moment,nf
You’re Special,nf
HAPPY,nf
Options,nf
All I Have,nf
My Life,nf
Got You On My Mind,nf
DRIFTING,nf
STORY,nf
Trauma,nf
Oh Lord,nf
Outro,nf
Green Lights,nf
I Just Wanna Know,nf
RUNNING,nf
Ill Mind of Hopsin 5,hopsin
Ill Mind of Hopsin 7,hopsin
Ill Mind of Hopsin 8,hopsin
Ill Mind of Hopsin 4,hopsin
Sag My Pants,hopsin
Nocturnal Rainbows,hopsin
Hop Is Back,hopsin
Ill Mind 6: Old Friend,hopsin
FLY,hopsin
Ill Mind of Hopsin 9,hopsin
I Need Help,hopsin
Rip Your Heart Out,hopsin
Ill Mind of Hopsin 3,hopsin
The Purge,hopsin
All Your Fault,hopsin
Ill Mind of Hopsin,hopsin
Crown Me,hopsin
Dream Forever,hopsin
Kill Her,hopsin
How You Like Me Now,hopsin
Witch Doctor,hopsin
Die This Way,hopsin
Kumbaya,hopsin
You Are My Enemy,hopsin
Picasso,hopsin
False Advertisement,hopsin
Good Guys Left Behind,hopsin
I’m Not Crazy,hopsin
Lunch Time Cypher,hopsin
The Old Us,hopsin
Happy Ending,hopsin
Heather Nicole,hopsin
Hotel in Sydney,hopsin
My Love,hopsin
Fort Collins,hopsin
Tears to Snow,hopsin
Twisted,hopsin
The Fiends Are Knocking,hopsin
Bout the Business,hopsin
I Don’t Want It,hopsin
Hip Hop Sinister,hopsin
Chris Dolmeth,hopsin
Funk Volume 2013,hopsin
Alone With Me,hopsin
Free Meal,hopsin
Covid Mansion,hopsin
Pans in the Kitchen,hopsin
Ramona,hopsin
Bad Manners Freestyle,hopsin
What’s My Purpose,hopsin
Jesus Shuttlesworth,babytron
Prince Of The Mitten,babytron
XXX,babytron
King Of The Galaxy,babytron
Emperor of the Universe,babytron
IG Captions,babytron
100 Bars,babytron
Beyond Turnt,babytron
Frankenstein,babytron
Half-Blood Prince,babytron
A2Z,babytron
Prince of The Mitten 2,babytron
#CERTIFIED,babytron
Monsters & Mobsters,babytron
Manute Bol,babytron
"New Year, Same Tron",babytron
Out On Bond,babytron
Sith Lord,babytron
8th Wonder of The World,babytron
Mr. Hanky,babytron
Euro-Stepper,babytron
Peachtree,babytron
Top Ten,babytron
Cowabunga,babytron
Ex,babytron
Cheat Code,babytron
Punch God 2,babytron
RNF,babytron
Paul Bearer,babytron
Scampire,babytron
7,babytron
Letter To Cornelius,babytron
Next Level,babytron
6 Star Wanted Level,babytron
Whoopty Fucking Do,babytron
15'-16' Curry,babytron
Genesis 1:1,babytron
Human Torch,babytron
AirTron,babytron
Mr. Do The Dash,babytron
Dookie Season,babytron
Crash Yo Whip Music,babytron
Monkey D. Luffy,babytron
Crocs & Wock’,babytron
Tootsie Roll,babytron
Dead Man Walking,babytron
Pro Surfers,babytron
Jugg Messiah 3,babytron
Cheat Code 2,babytron
"Down, Up!",babytron
Where The Hood At?,dmx
X Gon’ Give It to Ya,dmx
Party Up (Up in Here),dmx
What These Bitches Want,dmx
Ruff Ryders’ Anthem,dmx
Slippin’,dmx
How’s It Goin’ Down (Album Version),dmx
Damien,dmx
Let Me Fly,dmx
X-Is Coming,dmx
Intro,dmx
We Don’t Give A Fuck,dmx
Who We Be,dmx
Lord Give Me a Sign,dmx
Niggaz Done Started Something,dmx
The Omen,dmx
Get At Me Dog,dmx
Bring Your Whole Crew,dmx
What’s My Name?,dmx
Blackout,dmx
I Don’t Dance,dmx
Look Thru My Eyes,dmx
Bath Salts,dmx
I Can Feel It,dmx
Stop Being Greedy,dmx
Prayer II / Ready to Meet Him,dmx
I Miss You,dmx
The Rain,dmx
Here We Go Again,dmx
Damien III,dmx
The Convo,dmx
No Sunshine,dmx
Get It On The Floor,dmx
Hood Blues,dmx
A’Yo Kato,dmx
Dogs for Life,dmx
We Right Here,dmx
Letter to My Son (Call Your Father),dmx
Angel,dmx
Fuckin’ Wit’ D,dmx
One More Road to Cross,dmx
Shot Down,dmx
It’s All Good,dmx
Where My Dogs At,dmx
Crime Story,dmx
Prayer III,dmx
Industry,dmx
I Shot Ya (Freestyle),dmx
"Good Girls, Bad Guys",dmx
My Niggas (Interlude),dmx
Many Men (Wish Death),50 cent
In da Club,50 cent
21 Questions,50 cent
P.I.M.P.,50 cent
Patiently Waiting,50 cent
Candy Shop,50 cent
My Life,50 cent
Wanksta,50 cent
Best Friend,50 cent
I’m the Man,50 cent
We Up,50 cent
Ghetto Qu’ran (Forgive Me),50 cent
Hustler’s Ambition,50 cent
Big Rich Town,50 cent
Window Shopper,50 cent
Back Down,50 cent
If I Can’t,50 cent
Heat,50 cent
I’m the Man (Remix),50 cent
Just a Lil Bit,50 cent
What Up Gangsta,50 cent
High All the Time,50 cent
Don’t Push Me,50 cent
How to Rob,50 cent
When It Rains It Pours,50 cent
Your Life’s on the Line,50 cent
Ayo Technology,50 cent
U Not Like Me,50 cent
No Romeo No Juliet,50 cent
P.I.M.P. Remix,50 cent
I’ll Whip Ya Head Boy,50 cent
Piggy Bank,50 cent
I Get Money,50 cent
Outta Control (Remix),50 cent
Places to Go,50 cent
I’m Supposed To Die Tonight,50 cent
Major Distribution,50 cent
Too Rich for the Bitch,50 cent
Hate It or Love It (G-Unit Remix),50 cent
Tryna Fuck Me Over,50 cent
Disco Inferno,50 cent
9 Shots,50 cent
Gatman and Robbin,50 cent
Straight to the Bank,50 cent
Baby By Me,50 cent
Best Friend (Remix),50 cent
A Baltimore Love Thing,50 cent
I’ll Still Kill,50 cent
New Day,50 cent
Click Clack Pow Officer Down,50 cent